Daily_Screen_Time_Hours,Social_Media_Hours,Gaming_Hours,Productivity_Hours,Number_of_App_Opens,Notifications_Received,Night_Usage_Times,Age,Number_of_Apps_Installed,Weekly_Avg_Usage_Hours,Addiction_Level
5.9,1.5,1.3,2.7,110,87,9,26,46,12.2,Medium
14.3,4.3,1.2,3.2,25,99,9,64,62,72.3,Medium
11.1,7.0,4.5,1.0,68,185,19,31,86,50.5,High
9.2,5.9,1.2,2.5,169,30,1,61,34,89.5,Medium
2.8,6.5,1.4,2.3,31,63,2,36,29,92.1,Low
2.8,5.3,3.8,3.3,59,193,7,14,67,6.5,Medium
1.3,5.5,2.2,3.6,33,231,10,57,23,82.2,Low
13.1,6.8,3.9,0.0,152,188,12,35,76,4.7,High
9.2,2.0,0.3,2.7,29,285,6,45,96,37.3,Medium
10.8,3.9,2.4,0.2,74,121,12,57,12,54.7,Medium
0.8,1.8,0.2,2.2,67,233,1,33,99,15.7,Low
14.6,7.9,0.3,1.2,168,223,5,22,7,74.9,High
12.6,7.6,4.5,1.2,134,68,8,59,71,1.8,High
3.6,0.3,0.7,1.4,154,118,19,19,90,17.7,Medium
3.1,5.6,2.7,2.5,20,166,1,50,85,58.5,Low
3.2,7.4,2.1,1.3,150,200,17,54,21,71.7,Medium
4.9,1.4,1.7,2.9,186,209,15,46,18,91.7,Medium
8.1,4.5,4.5,1.6,104,205,11,60,13,70.8,Medium
6.8,7.3,0.1,0.3,34,44,6,57,66,67.5,Low
4.7,0.3,3.3,3.1,49,255,6,49,98,40.0,Low
9.4,5.6,4.8,1.1,23,246,16,19,25,1.1,High
2.5,2.4,2.8,1.7,38,113,12,48,80,12.9,Low
4.7,7.4,4.7,2.7,145,16,10,38,41,53.9,Medium
5.8,7.8,0.3,1.3,175,292,5,39,15,67.8,Medium
7.1,7.6,2.1,0.2,66,10,13,51,24,42.3,Medium
11.9,3.8,1.3,1.5,122,228,5,45,39,73.3,Medium
3.4,6.9,3.7,3.8,104,239,5,43,57,52.7,Medium
8.0,6.8,4.9,2.6,26,181,1,26,51,8.3,Medium
9.1,2.6,1.3,2.7,184,96,19,55,79,20.0,Medium
1.2,6.6,3.3,2.5,184,50,14,28,56,84.2,Medium
9.3,0.3,1.0,0.8,115,132,16,44,12,72.8,Medium
3.0,4.8,2.8,1.7,168,187,7,58,8,89.6,Medium
1.4,1.8,2.3,3.0,77,72,4,57,31,12.6,Low
14.3,1.0,4.9,0.4,151,174,16,63,48,99.0,High
14.5,0.6,3.0,1.1,42,196,19,27,44,21.7,High
12.2,5.6,1.7,1.1,74,218,0,40,51,2.2,Medium
4.9,2.7,0.6,1.7,120,236,17,20,98,99.7,Medium
1.9,5.8,0.8,3.9,83,57,14,44,48,28.8,Low
10.4,0.5,1.1,0.3,189,233,4,60,52,67.1,Medium
6.9,2.5,1.3,2.1,152,12,6,40,95,18.5,Low
2.3,4.3,4.3,0.7,13,184,17,24,89,58.4,Medium
7.7,6.3,2.8,3.9,36,108,5,32,56,90.5,Medium
1.0,2.6,2.6,0.5,136,125,4,32,88,32.7,Low
13.7,5.0,0.6,1.6,54,279,18,16,72,67.4,High
4.3,7.1,4.3,3.0,86,262,9,21,15,19.6,Medium
10.1,4.9,3.6,2.8,9,104,14,17,81,62.9,Medium
5.0,1.9,0.3,1.7,152,282,9,62,77,34.3,Medium
8.0,0.2,3.5,1.4,91,33,15,24,8,21.9,Medium
8.4,7.0,2.7,1.6,130,125,11,12,80,32.0,High
3.2,0.2,0.4,1.1,79,160,17,31,77,18.7,Medium
14.6,7.0,2.3,0.8,169,59,0,58,81,90.3,Medium
11.7,4.2,2.4,1.9,26,215,15,57,52,40.3,Medium
14.1,7.5,0.8,1.1,190,88,5,19,30,25.3,High
13.5,6.4,4.7,1.1,72,79,2,21,81,45.4,Medium
9.2,8.0,4.2,2.6,48,36,1,20,43,32.7,Medium
13.9,2.8,3.3,3.9,38,280,1,60,96,74.7,Medium
1.8,6.1,2.3,2.4,81,59,12,52,62,97.2,Low
3.3,3.2,2.1,0.3,46,256,8,14,23,44.4,Medium
1.2,3.8,3.3,0.3,141,273,15,22,92,86.2,Medium
5.2,5.0,2.7,3.8,110,88,4,23,87,57.0,Medium
6.1,7.0,0.3,1.2,99,199,6,21,81,16.6,Medium
4.4,7.9,2.6,0.4,139,56,12,36,81,69.4,Medium
12.5,6.1,4.0,2.4,72,198,19,60,62,51.8,High
5.7,3.3,2.3,2.5,151,265,12,60,32,65.4,Medium
4.6,3.4,0.3,2.6,163,231,6,36,70,89.1,Medium
8.4,5.9,3.9,1.1,132,250,9,22,14,44.6,High
2.5,1.9,1.0,0.1,167,278,14,47,90,90.2,Medium
12.1,0.9,1.3,3.9,189,10,5,50,81,75.3,Medium
1.6,2.8,0.8,1.0,89,43,4,64,62,49.4,Low
14.8,2.3,1.7,2.7,193,88,1,37,77,60.7,Medium
11.7,2.4,3.8,2.8,163,245,14,25,18,33.2,High
3.4,1.9,2.6,2.4,87,107,15,50,88,98.4,Low
0.6,0.3,1.0,1.3,99,91,18,51,19,67.1,Low
12.3,0.1,4.4,1.1,185,201,8,12,37,5.3,High
10.7,7.9,4.4,2.4,36,262,18,15,21,33.3,High
11.1,3.4,4.4,3.5,70,47,6,41,28,62.7,Medium
11.7,3.1,1.2,3.8,191,23,3,23,34,6.6,Medium
1.6,5.4,2.3,0.4,120,218,2,46,66,3.4,Low
5.7,1.7,4.9,0.6,142,98,19,24,17,45.6,Medium
2.2,7.6,3.9,3.8,134,65,10,63,66,33.9,Low
13.0,6.3,0.1,2.9,198,103,0,42,51,44.4,Medium
9.5,0.7,0.3,3.5,64,102,5,49,20,27.0,Low
5.3,3.3,2.3,0.8,21,94,10,54,70,17.3,Low
1.4,7.0,4.5,2.4,100,254,0,34,85,69.2,Low
5.0,7.6,2.7,2.8,148,31,6,15,47,51.9,Medium
5.2,3.7,2.5,2.7,20,281,5,63,12,20.8,Low
11.1,4.9,0.5,1.6,50,131,13,27,7,32.6,Medium
9.7,1.3,3.3,0.1,171,137,1,18,16,59.6,Medium
13.4,7.9,4.1,2.3,163,122,3,33,88,8.2,High
7.3,1.9,1.9,1.0,111,282,10,40,20,15.6,Medium
2.2,7.5,3.9,1.8,92,139,14,22,82,8.3,Medium
10.8,5.2,4.8,3.8,133,141,17,44,84,81.4,High
11.5,4.9,1.0,1.6,143,94,0,40,63,75.5,Medium
8.6,4.1,2.6,3.4,123,90,2,50,53,75.6,Low
11.7,1.8,1.4,0.8,89,78,2,23,67,71.9,Medium
7.7,1.4,4.0,2.7,8,157,6,18,66,67.3,Medium
8.1,1.8,2.9,3.9,75,25,0,50,53,48.2,Low
6.7,1.5,3.2,0.4,158,114,10,53,55,64.6,Medium
0.9,6.2,4.0,0.0,115,174,5,59,37,4.8,Medium
2.1,2.8,2.0,1.7,54,210,19,37,34,62.5,Medium
1.0,0.5,4.6,0.4,144,206,2,51,63,78.0,Low
9.7,7.8,2.7,3.0,99,194,18,20,80,50.5,High
5.1,7.1,0.8,3.7,96,274,1,52,19,36.4,Low
7.9,7.4,3.5,1.7,69,109,17,45,86,28.5,Medium
13.7,8.0,4.0,1.0,51,223,11,56,96,64.6,High
4.1,1.4,1.6,1.7,185,287,9,24,27,69.6,Medium
6.5,3.2,4.3,2.9,110,171,4,47,82,87.2,Medium
11.5,6.1,4.5,0.0,134,166,8,36,98,34.9,High
3.8,5.6,1.4,2.4,110,260,1,35,49,77.2,Low
1.6,1.2,4.9,2.5,28,106,1,55,66,56.6,Low
4.7,6.5,0.7,2.6,8,27,5,28,83,88.4,Low
2.8,1.8,1.0,1.0,112,106,9,13,75,53.3,Medium
14.0,1.8,0.9,2.9,23,10,17,24,19,52.2,Medium
12.2,4.3,4.5,0.4,158,225,11,42,50,58.2,High
9.7,4.7,3.3,0.8,44,141,3,40,68,75.2,Medium
13.1,4.6,0.8,3.5,54,269,16,61,50,96.5,Medium
12.2,0.7,2.2,3.0,175,134,14,39,60,8.3,Medium
3.2,7.0,3.1,0.1,79,91,5,38,48,6.3,Medium
13.4,2.1,0.4,1.0,199,292,15,26,79,93.8,High
8.3,1.0,4.4,0.9,16,180,16,42,33,53.5,Medium
12.2,7.1,4.0,1.1,199,68,2,51,99,61.9,Medium
13.5,7.6,2.5,1.0,31,41,9,26,66,48.8,High
5.1,6.9,4.8,0.3,117,170,4,44,93,10.3,Medium
2.1,6.5,2.1,1.8,186,293,13,31,56,77.0,Medium
3.8,5.2,4.9,2.9,198,115,12,53,58,75.0,Medium
6.7,4.4,3.3,2.4,53,114,5,23,92,31.9,Medium
12.4,0.7,3.2,2.7,148,237,11,48,61,31.3,Medium
13.0,3.3,0.8,0.3,134,197,7,20,87,83.9,High
0.6,3.0,4.4,3.8,64,79,4,34,70,8.2,Low
7.9,2.1,2.1,3.4,186,299,14,19,26,88.2,High
6.6,5.8,0.8,3.2,34,96,15,43,24,26.4,Medium
3.7,4.0,0.1,3.3,88,65,0,59,37,59.7,Low
2.2,0.6,2.8,3.7,170,122,15,25,76,93.7,Medium
5.4,1.8,2.6,2.2,32,22,4,38,29,68.1,Low
14.2,5.5,3.6,0.8,29,27,2,36,50,42.0,Medium
5.2,0.6,4.5,2.5,100,191,19,24,77,69.3,Medium
8.0,6.8,0.4,3.0,129,122,14,32,61,35.1,Medium
10.7,4.0,3.7,3.0,14,238,12,56,91,28.4,Medium
5.8,3.8,0.9,2.1,192,180,15,42,9,99.7,Medium
14.6,4.7,4.3,0.3,46,198,10,48,59,75.3,High
14.5,6.6,4.1,1.5,44,88,1,59,65,64.8,Medium
4.2,2.8,2.7,3.7,81,155,5,54,93,36.2,Low
7.7,5.4,3.6,2.3,109,191,5,16,12,5.9,Medium
4.9,4.5,1.6,2.2,122,295,13,24,20,4.1,Medium
4.6,2.1,2.4,1.1,46,259,10,39,52,55.9,Medium
1.0,7.0,4.1,1.5,51,205,7,54,65,76.4,Low
9.3,6.4,2.3,3.6,169,80,7,36,19,54.2,Medium
7.8,5.3,1.8,2.7,26,257,0,62,69,84.2,Low
1.2,6.8,2.5,3.1,189,155,6,46,26,4.3,Medium
4.5,6.9,4.1,1.8,111,115,5,58,7,37.3,Medium
13.7,5.7,1.7,2.5,31,272,7,50,58,24.5,Medium
4.0,6.7,0.9,1.0,45,79,18,18,18,45.3,Medium
2.6,5.6,3.6,2.8,84,202,19,49,40,8.2,Medium
7.6,5.4,4.1,1.7,166,77,7,43,86,95.5,Medium
14.8,4.9,0.5,1.8,164,61,13,14,86,23.1,High
4.0,6.0,1.2,2.6,93,294,17,56,71,92.3,Medium
10.2,1.3,0.7,3.7,70,18,15,50,14,43.2,Medium
11.5,7.0,1.7,0.3,16,260,8,48,53,98.6,Medium
3.9,7.0,2.3,3.3,172,193,14,61,69,55.9,Medium
11.1,0.2,3.7,1.2,77,188,9,33,95,93.2,Medium
5.8,6.6,3.3,1.8,80,207,15,19,61,1.5,Medium
9.7,1.0,3.1,0.1,94,137,3,28,31,75.1,Medium
9.7,2.7,1.8,1.2,14,29,19,63,79,90.4,Medium
8.3,5.9,4.2,2.0,100,74,12,38,9,14.8,Medium
1.8,1.3,2.4,0.2,180,191,4,44,75,10.5,Low
12.6,6.5,4.9,2.0,24,250,6,57,87,43.0,Medium
5.2,6.7,3.2,3.7,43,33,8,28,61,93.4,Medium
3.2,4.1,0.6,0.4,64,92,7,53,97,54.7,Low
1.1,0.1,3.4,3.1,70,194,15,23,19,53.2,Low
9.1,2.3,1.6,1.6,69,108,5,59,80,15.0,Low
10.3,4.9,3.4,2.6,183,71,15,57,34,1.1,Medium
0.7,7.8,0.3,1.0,128,295,5,38,24,81.2,Medium
7.9,5.1,0.9,0.6,168,31,13,59,41,9.7,Medium
3.8,2.1,4.3,0.6,156,221,0,19,7,63.8,Medium
9.9,5.1,1.1,0.3,159,135,8,34,77,91.5,Medium
3.0,4.3,4.2,0.7,134,51,12,53,45,21.7,Medium
10.5,6.2,1.4,2.7,163,107,18,60,43,66.9,High
6.1,0.9,3.2,3.5,61,40,16,40,30,8.8,Medium
14.1,6.1,3.5,3.3,82,167,10,61,6,60.8,Medium
2.5,4.3,2.6,2.7,198,121,7,31,27,17.2,Medium
5.4,7.7,1.5,0.4,33,256,4,27,27,73.9,Medium
2.1,2.7,1.1,1.2,19,131,9,28,89,30.8,Low
13.9,5.1,0.2,1.2,16,282,6,27,20,46.9,Medium
13.2,7.5,1.5,1.0,105,216,9,30,13,60.3,High
4.2,0.8,3.3,2.1,160,119,3,19,17,18.0,Low
10.1,7.5,4.7,2.1,88,287,8,49,32,74.4,High
12.3,5.5,4.4,1.4,129,65,13,49,31,31.0,High
8.6,0.5,3.8,1.4,107,66,1,64,55,66.6,Low
8.2,2.4,3.9,3.3,28,123,8,40,68,16.7,Medium
4.0,5.7,3.3,3.2,153,207,0,52,56,69.1,Low
1.8,0.5,1.3,1.2,142,188,9,47,85,13.7,Low
13.5,4.7,4.5,3.7,114,228,9,37,42,43.1,High
13.6,2.8,3.4,3.8,82,286,19,42,69,25.5,High
9.7,5.0,2.8,1.3,105,25,2,55,22,75.1,Medium
5.4,0.4,0.6,1.4,150,70,5,23,67,26.9,Low
5.6,7.0,2.2,2.0,146,63,5,28,55,88.3,Medium
11.0,7.8,2.3,3.8,166,177,1,26,13,89.3,Medium
13.5,7.8,4.3,3.5,132,35,17,20,17,20.4,High
13.4,6.0,2.7,0.4,62,74,1,50,44,61.8,Medium
11.8,1.0,1.9,1.6,80,109,11,53,59,9.7,Medium
9.8,6.1,4.9,2.2,154,83,4,59,83,39.8,Medium
1.7,0.2,0.6,2.0,40,201,19,23,47,71.6,Medium
2.8,0.2,2.1,0.8,177,180,6,43,48,66.3,Low
13.5,2.6,0.2,3.4,168,282,15,36,72,62.8,High
9.3,3.9,3.7,2.7,26,196,19,50,37,29.0,Medium
0.6,6.2,4.6,3.4,131,32,0,29,28,38.4,Low
2.0,5.5,1.4,3.4,84,190,0,26,40,11.2,Low
10.1,3.6,4.3,3.0,193,117,16,43,14,72.2,High
0.6,2.2,1.5,1.8,104,171,0,17,24,50.9,Low
2.8,8.0,4.6,2.4,188,215,19,55,79,71.2,High
8.5,3.4,3.8,0.6,100,87,12,54,16,25.6,Medium
10.5,3.6,4.0,2.7,165,25,8,63,66,33.1,Medium
10.0,1.3,0.1,0.7,177,105,14,46,22,34.1,Medium
3.8,6.4,4.8,2.8,168,156,2,45,98,3.5,Medium
10.8,5.5,3.6,0.9,152,11,13,49,67,34.8,Medium
3.9,1.8,1.5,0.5,22,19,10,16,88,80.5,Low
5.2,0.7,4.1,0.7,42,134,11,29,29,89.8,Medium
11.3,5.4,1.4,0.0,199,90,12,27,16,52.3,High
9.9,5.2,4.4,2.9,155,149,12,19,25,46.1,High
12.8,2.2,0.6,2.9,113,159,0,36,29,4.1,Medium
10.0,7.6,3.5,2.1,127,297,9,43,15,88.0,High
8.7,1.2,2.7,0.6,148,138,2,37,68,2.3,Medium
1.9,3.5,0.5,0.3,191,248,3,63,77,94.5,Low
5.8,7.5,1.2,0.1,153,67,15,33,54,49.4,Medium
4.3,3.4,0.1,0.7,108,207,7,42,66,34.9,Medium
4.0,5.1,2.3,3.6,144,220,15,54,93,92.5,Medium
14.6,3.2,1.5,1.0,148,54,16,21,53,3.4,High
6.2,2.2,3.0,1.4,85,106,18,23,18,58.6,Medium
13.4,7.9,1.5,0.4,91,288,14,64,5,55.3,High
9.7,3.3,1.5,0.9,146,32,15,39,85,22.7,Medium
12.0,7.2,3.7,2.1,65,53,14,17,29,43.5,High
7.8,1.8,0.2,2.4,50,36,1,31,63,65.6,Low
8.9,1.7,4.5,1.0,36,291,10,16,76,73.0,Medium
7.6,0.2,4.3,0.2,19,106,0,34,73,1.1,Low
3.3,5.2,3.3,1.6,48,45,14,20,9,93.7,Medium
11.0,2.9,3.0,0.9,149,118,18,40,23,17.3,High
4.6,6.9,4.5,0.9,173,64,3,27,27,24.1,Medium
0.9,3.8,0.9,3.8,58,201,10,57,13,27.1,Low
9.9,7.7,0.4,2.5,48,228,4,33,98,4.7,Medium
3.1,1.5,1.2,2.2,102,194,2,19,54,13.2,Low
14.1,6.9,4.0,1.7,9,78,12,31,20,98.6,High
14.3,6.2,0.2,1.7,113,139,9,62,37,32.2,Medium
13.8,6.2,2.9,2.2,31,64,10,25,6,12.4,Medium
5.9,6.8,5.0,2.8,120,106,17,50,18,11.6,Medium
0.7,6.1,4.3,2.8,91,96,1,48,5,72.2,Low
14.0,5.0,2.6,0.7,108,128,6,61,94,85.6,Medium
6.7,1.0,0.3,2.0,127,217,8,45,62,26.4,Medium
14.5,0.3,4.2,1.6,83,163,9,22,93,3.1,Medium
14.5,7.4,3.0,3.5,47,44,17,51,20,23.1,High
12.9,4.9,0.6,2.5,101,88,6,44,83,6.6,Medium
4.8,6.4,0.5,2.1,35,76,6,42,94,11.2,Low
6.1,3.9,4.5,0.5,103,43,2,55,51,43.7,Low
12.8,0.9,3.3,2.4,21,106,11,45,48,23.8,Medium
5.1,1.0,4.1,0.5,87,178,6,61,84,52.1,Low
3.0,5.5,4.4,1.3,114,178,16,18,18,26.1,Medium
8.6,3.4,2.9,0.6,186,160,0,60,97,94.1,Medium
14.1,1.6,2.6,2.8,194,80,4,34,28,90.7,Medium
10.6,3.9,2.2,0.8,36,12,15,57,59,57.1,Medium
8.8,0.5,1.6,1.6,172,41,14,18,19,36.1,Medium
1.9,4.7,2.2,3.6,145,296,1,36,87,38.7,Low
9.4,2.2,3.9,0.8,39,91,8,14,76,41.8,Medium
14.9,6.4,3.0,2.0,137,52,6,49,38,73.0,Medium
2.5,2.5,4.5,1.7,33,114,3,31,6,45.7,Low
8.0,3.6,2.2,0.1,74,10,19,45,31,85.8,Medium
13.2,0.1,3.0,3.2,157,70,17,60,78,94.5,Medium
11.2,0.6,3.2,0.3,99,279,3,55,91,34.3,Medium
10.6,3.1,3.0,1.9,26,189,12,55,76,56.5,Medium
10.7,3.8,3.5,2.2,198,233,0,41,96,10.4,Medium
5.7,4.8,1.2,2.5,177,15,2,28,27,20.8,Medium
4.8,2.3,2.6,2.8,73,112,15,21,72,41.9,Medium
12.2,5.6,0.5,1.0,93,19,3,46,18,21.4,Medium
12.2,6.9,1.9,0.0,76,80,15,31,67,87.8,High
13.1,6.2,2.4,2.9,133,99,18,29,97,16.7,High
13.7,0.3,3.3,2.1,176,235,0,56,69,46.1,Medium
7.9,3.8,4.8,3.3,91,167,4,55,72,61.0,Medium
7.8,0.8,3.0,3.3,100,237,18,38,67,69.5,Medium
12.1,1.9,3.7,3.4,79,135,10,60,94,38.9,Medium
9.9,7.9,2.5,1.9,171,218,12,47,85,87.0,High
10.7,1.1,3.2,1.3,58,106,19,34,91,57.3,Medium
12.0,4.0,0.4,3.2,92,83,4,43,68,44.5,Medium
13.4,4.9,1.3,1.8,161,124,3,21,36,7.7,Medium
5.4,5.6,1.8,0.7,58,200,3,22,83,47.0,Medium
5.9,4.5,2.4,3.4,20,179,3,49,17,82.3,Low
1.9,0.1,0.2,3.5,103,213,3,17,70,61.8,Low
8.9,2.6,0.7,1.9,24,65,19,52,23,83.4,Medium
1.0,4.1,1.4,0.3,50,217,17,58,28,49.9,Medium
7.3,0.7,4.9,1.6,199,50,17,45,92,12.7,Medium
8.4,2.8,1.7,3.2,197,41,15,47,15,2.4,Medium
4.7,0.3,2.4,3.6,131,24,8,48,63,31.0,Low
9.1,0.6,1.0,0.8,62,71,17,28,90,70.1,Medium
0.9,3.2,3.1,0.3,185,164,1,51,19,79.2,Low
1.0,1.1,1.4,3.5,115,293,3,51,14,30.3,Low
12.4,4.5,1.0,1.6,133,218,11,23,45,50.1,High
5.7,5.5,2.6,2.2,85,196,6,32,31,42.7,Medium
2.3,6.4,0.0,3.9,198,139,14,51,64,41.6,Medium
8.1,1.6,0.0,0.3,161,136,6,30,77,23.9,Medium
11.7,1.3,1.1,2.6,88,123,16,14,56,14.5,Medium
3.6,0.8,0.2,0.3,74,208,15,29,32,20.5,Medium
9.5,5.1,0.5,1.5,12,22,18,64,69,6.5,Medium
1.7,5.7,1.7,3.2,33,280,8,62,21,20.6,Low
1.2,0.3,4.0,1.7,116,98,13,30,99,1.9,Low
8.2,7.5,2.9,4.0,183,224,16,58,48,63.1,High
8.3,0.4,2.6,2.2,165,287,4,17,14,32.3,Medium
9.7,4.3,1.5,1.3,135,212,1,27,67,97.3,Medium
11.0,5.7,4.7,0.9,192,83,19,19,97,20.2,High
14.6,7.0,2.0,1.4,167,34,15,59,86,35.2,High
8.0,5.7,0.4,1.5,112,110,13,29,51,36.4,Medium
5.2,6.4,3.1,0.3,113,185,13,63,42,1.8,Medium
12.0,2.7,0.6,1.5,24,126,0,59,74,84.1,Low
4.4,6.5,1.7,1.9,77,175,2,54,80,4.2,Low
6.9,0.6,2.5,2.9,171,50,6,50,57,94.1,Low
1.6,7.2,4.4,2.6,8,129,14,60,82,89.3,Low
0.9,4.4,2.5,2.8,23,106,18,60,48,54.0,Low
14.5,6.5,3.5,0.0,106,154,19,23,78,54.8,High
12.6,3.6,5.0,0.9,177,225,1,56,58,65.7,Medium
10.6,5.1,0.7,2.6,175,238,18,21,24,39.3,High
6.4,4.2,1.4,1.9,145,139,8,18,83,65.1,Medium
3.0,5.9,2.0,0.0,145,146,18,57,35,5.4,Medium
2.8,0.7,2.1,3.2,192,282,4,12,11,6.4,Medium
4.1,0.5,2.1,3.1,189,126,17,60,62,46.3,Medium
8.5,2.0,4.5,2.2,90,103,15,47,14,55.4,Medium
10.9,1.3,3.6,0.3,56,177,3,32,14,88.9,Medium
10.1,7.0,3.0,3.1,115,212,11,48,43,11.4,Medium
4.6,1.8,1.5,2.3,185,158,6,63,32,82.4,Low
14.3,7.8,4.1,3.1,113,192,13,35,34,21.8,High
11.2,2.7,4.8,3.0,90,161,11,36,41,40.0,Medium
8.5,1.5,4.1,3.2,47,83,2,18,71,32.3,Low
9.4,6.3,0.0,2.1,46,283,4,53,47,40.6,Medium
6.6,5.3,3.2,0.6,94,51,16,28,83,15.9,Medium
4.1,4.0,0.3,2.7,119,221,9,40,89,50.9,Medium
5.7,4.4,1.3,2.5,30,110,9,41,56,80.4,Low
11.5,5.8,0.3,3.0,155,54,10,18,60,44.7,Medium
0.7,1.8,3.0,0.7,47,91,16,44,80,49.6,Low
2.2,8.0,3.4,0.8,81,26,4,18,72,85.0,Medium
1.2,7.8,0.6,3.6,160,82,12,35,13,70.9,Medium
1.1,5.2,1.9,3.0,141,23,9,22,96,49.6,Low
12.9,1.6,2.3,3.6,24,166,8,20,27,26.5,Medium
10.7,5.4,1.8,3.0,188,232,16,23,67,88.6,High
7.4,0.6,0.6,2.4,43,141,0,46,65,58.1,Low
1.9,0.2,2.1,2.6,183,56,3,15,44,22.9,Low
7.6,2.1,3.8,3.6,16,116,3,47,48,27.6,Low
7.4,3.7,0.4,2.3,187,117,17,39,90,80.5,Medium
3.0,6.9,0.4,2.5,15,274,8,24,28,5.4,Medium
6.8,5.8,1.8,0.6,158,214,17,34,55,99.2,High
6.3,5.9,4.7,1.9,46,88,13,30,62,13.9,Medium
9.4,3.4,3.3,2.9,159,164,14,53,94,79.8,Medium
9.7,2.8,3.4,1.1,15,280,5,48,98,40.1,Medium
1.2,3.0,1.8,0.8,42,256,9,50,37,49.7,Low
5.9,7.9,3.0,1.3,102,28,14,35,20,88.2,Medium
9.6,0.3,0.1,1.0,175,35,3,27,26,41.9,Medium
7.8,6.9,3.2,0.9,23,226,17,44,61,54.2,Medium
12.9,4.6,4.6,1.7,196,163,17,23,66,5.9,High
10.1,3.5,3.1,3.6,138,163,16,45,86,1.2,Medium
2.9,5.8,4.4,2.0,178,183,11,18,75,25.2,Medium
1.5,3.9,3.6,0.8,120,101,6,22,94,68.4,Medium
9.8,7.0,0.6,0.3,117,190,15,42,76,13.0,High
0.9,7.2,4.5,2.8,174,140,10,40,74,12.3,Medium
9.0,3.4,0.3,1.5,69,284,13,24,34,41.7,Medium
14.1,2.2,2.7,3.3,103,282,2,42,27,65.1,Medium
8.8,4.7,0.7,2.6,76,85,18,13,36,71.5,Medium
6.1,7.3,0.1,3.2,191,186,17,50,90,18.7,Medium
9.8,1.7,2.1,1.1,56,193,9,26,61,8.9,Medium
7.1,5.0,1.5,2.8,122,140,5,22,13,94.1,Medium
8.4,5.1,2.4,1.1,179,58,12,45,35,26.8,Medium
14.2,5.9,2.9,3.8,124,64,9,50,75,85.5,Medium
6.1,1.1,0.2,2.5,11,163,17,15,13,86.5,Medium
14.4,5.7,0.6,1.3,15,209,19,22,17,77.5,High
13.6,7.3,2.8,1.1,107,127,15,40,62,17.7,High
3.3,1.4,1.7,0.8,65,272,5,13,7,82.4,Medium
1.5,1.9,3.6,2.8,72,55,12,27,39,77.2,Low
2.0,7.8,3.3,0.9,157,198,3,50,25,60.1,Medium
0.8,1.4,4.2,2.4,144,138,13,24,68,34.4,Medium
1.9,6.8,3.5,1.1,158,58,0,48,99,27.0,Low
10.4,3.9,2.1,2.6,106,34,19,28,56,13.1,Medium
1.5,2.0,3.4,3.3,114,275,4,32,38,51.5,Low
5.1,7.0,1.4,3.1,144,127,7,55,39,58.9,Medium
12.8,3.6,1.5,3.0,175,153,11,30,19,36.6,High
0.8,4.1,3.9,0.8,55,209,1,18,10,48.1,Low
12.3,2.9,2.2,0.4,121,166,11,49,89,37.0,Medium
4.6,4.7,4.0,2.8,169,143,4,19,36,64.5,Medium
2.2,1.3,4.1,1.5,50,157,4,24,56,90.2,Low
10.6,3.1,4.3,1.7,57,80,12,48,87,17.2,Medium
9.6,7.8,4.6,0.1,92,242,8,13,32,38.8,High
13.2,2.1,2.2,1.0,125,163,9,52,99,14.9,Medium
11.2,5.3,1.6,0.1,17,99,0,22,89,62.9,Medium
12.2,2.6,2.9,3.5,93,208,2,35,68,73.2,Medium
4.6,6.2,1.9,1.0,129,170,17,17,83,93.3,High
3.1,1.0,3.0,2.2,122,35,11,37,82,28.6,Low
11.4,7.8,3.5,0.2,58,130,2,18,23,95.1,Medium
12.2,3.6,3.4,2.7,189,221,8,50,19,7.3,Medium
14.9,1.9,1.9,1.3,120,72,1,30,10,60.7,Medium
6.5,0.6,0.8,3.6,122,77,2,17,77,6.7,Low
5.9,1.4,2.2,3.6,8,262,13,54,88,89.5,Low
11.8,4.2,0.7,1.3,79,11,3,40,42,53.5,Medium
5.4,2.7,4.5,3.6,53,117,18,54,30,67.3,Medium
14.0,6.6,1.7,4.0,11,295,12,50,86,83.3,Medium
12.9,3.4,0.8,3.3,114,58,6,13,96,15.9,Medium
6.7,2.0,0.1,3.4,126,149,11,30,55,4.8,Medium
11.4,4.9,3.2,1.0,15,227,2,15,77,88.0,Medium
11.4,5.7,3.2,2.3,96,53,8,17,57,32.2,Medium
2.0,1.3,1.7,0.3,186,278,1,60,60,13.8,Low
13.6,1.3,0.4,0.4,177,87,8,48,63,47.4,Medium
7.8,0.3,2.0,4.0,27,225,11,39,74,60.2,Low
12.5,5.9,1.6,1.3,32,107,11,41,82,4.1,Medium
5.1,5.3,3.4,3.0,115,245,14,18,96,28.2,Medium
13.5,3.8,3.0,3.2,61,291,1,20,62,4.2,Medium
6.1,6.8,1.8,3.4,30,158,17,36,92,42.6,Medium
0.7,6.4,1.1,4.0,157,75,12,44,17,89.6,Low
13.6,4.7,4.9,1.0,58,243,13,12,47,98.3,High
1.8,6.9,2.3,0.2,33,96,4,62,80,64.1,Low
5.1,1.6,3.4,1.6,101,88,9,17,55,17.0,Medium
14.3,0.9,0.7,0.5,168,214,11,29,23,90.7,High
14.3,2.2,2.4,0.1,18,288,9,21,25,52.1,High
8.8,0.5,0.1,1.4,82,263,10,39,95,16.2,Medium
9.7,4.2,2.5,3.1,39,139,1,22,87,92.3,Medium
7.0,7.5,4.8,2.3,34,93,4,44,28,76.0,Medium
4.8,0.3,1.9,1.3,96,285,6,12,30,73.4,Medium
5.3,1.0,0.2,2.6,21,196,5,24,49,71.2,Low
10.3,3.6,0.2,0.9,199,55,2,48,32,20.8,Medium
11.4,7.5,1.9,0.1,162,192,12,31,86,21.9,High
12.0,2.5,0.8,3.1,97,277,2,12,33,69.1,Medium
11.9,4.1,0.1,2.5,177,109,5,63,21,22.8,Medium
1.8,0.3,3.8,3.0,83,87,10,14,72,44.4,Low
7.7,1.2,2.3,0.2,114,281,16,29,48,78.4,Medium
1.3,7.9,1.4,3.3,183,171,9,52,65,78.6,Medium
8.5,7.7,4.5,2.5,106,53,11,25,97,45.9,Medium
6.9,0.0,0.6,2.3,110,247,16,42,72,79.4,Medium
13.4,7.6,4.8,2.5,51,143,3,38,78,84.0,Medium
5.6,5.1,1.6,3.5,185,201,1,28,29,65.8,Medium
2.2,6.9,4.4,2.3,68,287,10,57,99,23.6,Medium
2.6,3.6,3.0,2.3,170,27,6,40,71,28.1,Low
11.5,4.1,4.1,4.0,68,21,1,47,6,32.2,Medium
9.5,3.9,4.9,3.0,91,189,17,48,93,12.6,Medium
2.0,5.3,1.4,1.8,11,132,3,37,53,28.0,Low
1.7,1.1,4.8,2.8,26,255,7,64,74,21.7,Low
10.7,0.2,1.9,1.6,85,231,19,28,30,46.1,High
1.6,2.5,1.9,0.9,173,60,13,33,76,90.9,Medium
12.4,5.6,1.7,2.4,78,80,11,36,31,11.3,Medium
10.7,1.6,2.7,3.7,142,57,17,13,93,72.3,Medium
1.7,5.4,0.8,3.7,189,28,10,33,22,69.0,Low
1.7,7.8,2.8,1.4,139,271,7,16,58,10.5,Medium
14.8,0.8,2.7,2.1,129,93,1,15,5,92.3,Medium
5.9,5.4,3.8,0.8,54,164,14,47,65,57.3,Medium
5.9,3.6,4.2,4.0,56,62,8,17,7,37.0,Medium
12.3,6.9,2.2,3.9,165,116,18,63,72,75.9,High
14.2,1.4,1.5,2.6,5,144,19,32,45,26.5,Medium
14.8,5.5,1.3,3.2,185,78,7,24,41,69.7,High
11.4,6.7,1.0,2.9,192,20,18,48,55,4.9,High
6.0,7.6,0.3,2.4,166,152,4,36,19,84.1,Medium
1.7,5.5,1.7,0.2,8,201,10,37,12,45.4,Medium
11.8,4.0,1.4,1.8,149,78,14,50,42,64.0,Medium
8.6,4.9,4.8,2.7,136,32,7,31,87,22.9,Medium
6.7,7.0,2.8,2.7,175,190,18,44,60,68.0,High
13.6,4.6,1.7,1.5,8,18,7,25,51,77.5,Medium
2.1,0.2,2.9,3.8,5,280,18,47,94,47.8,Low
7.6,7.4,0.7,0.7,75,102,17,28,14,62.2,Medium
0.7,5.5,2.2,2.0,182,26,9,32,82,46.2,Medium
7.3,5.4,3.1,2.8,193,163,6,57,53,89.5,Medium
1.3,1.7,2.4,2.8,39,158,8,27,45,50.3,Low
2.2,5.3,2.0,2.6,12,276,0,57,87,84.3,Low
2.2,3.2,5.0,1.1,156,115,18,27,34,80.3,Medium
9.9,5.2,4.4,0.6,40,44,4,31,9,41.6,Medium
11.3,0.9,3.1,2.5,182,128,18,40,99,23.8,High
9.0,5.3,2.8,2.4,127,23,0,39,75,41.2,Medium
14.5,8.0,3.1,0.7,47,23,14,19,87,82.8,High
5.9,0.4,1.0,2.8,31,275,15,35,35,23.5,Medium
4.6,7.8,2.0,1.8,36,149,6,14,56,52.9,Medium
13.1,3.3,0.2,2.7,82,128,11,36,92,80.8,Medium
3.7,7.0,2.4,3.3,125,247,7,30,27,36.0,Medium
14.5,6.3,2.7,0.7,150,43,4,44,52,64.6,High
0.7,4.5,1.1,0.1,160,178,9,13,44,25.3,Medium
14.6,5.9,4.8,3.1,161,19,4,26,10,11.8,High
1.1,7.0,4.5,2.4,20,131,16,33,42,79.6,Medium
13.4,3.2,3.6,2.8,103,154,4,21,45,10.8,Medium
8.2,2.6,2.7,3.4,51,232,14,29,31,27.9,Medium
14.9,5.3,4.3,3.2,191,266,12,33,79,85.7,High
1.6,6.5,0.7,3.8,35,277,0,57,73,35.3,Low
8.5,6.1,4.0,2.1,8,13,10,60,61,97.3,Medium
14.6,6.4,0.6,2.0,169,115,0,38,21,98.0,Medium
8.1,3.5,4.0,1.6,21,94,10,24,75,27.6,Medium
9.6,6.5,1.4,0.6,43,223,17,44,95,5.1,High
10.6,1.0,4.4,2.3,52,130,17,16,51,70.8,Medium
7.1,4.4,4.7,1.1,178,141,15,37,83,45.6,High
9.6,0.0,0.7,3.7,180,206,12,24,17,11.0,Medium
9.0,2.6,2.3,2.3,43,28,6,38,15,71.0,Low
13.6,2.9,4.9,2.4,136,139,0,25,94,4.1,Medium
1.2,3.2,2.4,1.4,34,21,15,35,90,87.1,Low
4.6,5.6,4.3,0.2,162,90,0,14,96,14.7,Medium
14.3,3.1,2.9,0.1,26,271,16,58,28,13.6,High
13.4,3.6,1.9,1.7,70,134,5,62,97,18.4,Medium
7.1,1.9,1.4,0.3,112,276,1,60,77,96.1,Medium
9.5,3.0,1.0,2.4,16,149,16,41,8,69.6,Medium
4.5,1.8,3.8,3.5,40,11,5,46,50,80.3,Low
3.2,0.6,1.9,3.5,22,17,13,59,22,40.4,Low
7.2,4.8,2.6,2.6,94,259,17,25,47,34.3,Medium
5.6,5.3,2.5,0.8,185,148,5,23,84,24.2,Medium
9.0,5.0,2.9,3.5,5,133,9,39,37,48.6,Medium
1.6,3.7,4.3,3.5,131,237,17,55,97,55.6,Medium
14.6,3.0,4.9,0.8,190,19,8,40,14,63.5,High
14.8,6.9,2.0,2.9,94,221,7,54,77,26.5,High
10.6,4.2,4.1,1.1,91,121,9,28,63,94.9,Medium
8.3,3.8,3.8,3.2,94,17,16,51,35,17.8,Medium
5.0,0.2,2.9,4.0,138,262,5,60,32,96.6,Low
12.3,2.7,4.8,0.1,74,23,13,32,64,2.5,Medium
10.4,3.0,1.0,3.6,48,249,5,34,7,48.6,Medium
2.9,3.2,0.5,2.5,156,251,6,31,59,34.0,Medium
13.7,4.6,4.3,3.9,90,158,11,22,18,45.5,High
12.4,4.3,2.2,1.9,23,245,2,45,62,57.5,Medium
14.3,4.9,4.2,3.4,105,176,13,21,93,44.1,High
11.0,6.1,4.5,0.2,150,29,18,21,19,42.1,High
9.4,6.5,0.3,1.3,99,225,15,54,6,73.5,Medium
6.6,5.7,4.4,0.3,105,144,6,17,28,68.9,Medium
14.0,7.6,2.2,3.9,34,138,7,47,82,83.5,Medium
13.1,0.1,2.6,3.3,174,255,17,35,68,25.7,High
1.2,1.6,3.1,3.4,37,198,12,23,75,61.3,Low
0.9,0.1,4.6,3.8,16,53,8,54,28,58.9,Low
6.0,5.2,0.1,0.3,122,95,9,34,31,37.6,Medium
12.3,7.2,2.4,1.5,98,53,8,38,41,49.1,Medium
14.8,1.9,3.4,0.3,159,154,14,56,98,32.1,High
2.7,7.4,3.6,0.8,171,60,19,48,95,15.0,Medium
9.1,0.5,3.5,0.9,141,251,1,17,43,22.2,Medium
6.0,7.5,0.7,1.9,153,60,12,12,67,11.4,Medium
14.6,2.8,1.5,1.1,80,275,1,17,83,68.6,Medium
12.7,0.8,1.8,0.4,33,129,18,61,30,66.4,Medium
12.7,3.9,4.0,0.7,165,209,1,33,69,95.1,High
7.3,2.1,1.4,0.6,194,257,2,52,8,73.2,Medium
6.5,2.3,1.1,3.9,121,79,5,35,33,6.2,Low
4.5,2.5,4.8,3.0,19,66,2,36,5,88.5,Low
1.3,6.4,0.0,3.9,6,48,9,26,54,86.4,Low
13.0,4.3,5.0,1.8,184,298,5,37,90,44.9,High
12.3,2.5,3.4,1.1,121,27,15,19,15,59.0,High
15.0,4.9,4.1,3.2,176,229,16,62,78,97.6,High
15.0,5.7,1.5,1.3,186,253,18,35,63,53.7,High
8.6,2.2,0.1,1.2,22,292,2,59,66,90.6,Low
11.7,3.3,3.7,0.9,7,83,17,49,85,9.2,Medium
14.2,1.0,4.2,0.5,139,119,6,17,40,19.9,High
12.8,1.4,3.7,1.0,175,189,8,46,60,44.6,Medium
4.1,5.4,0.7,1.4,170,41,19,53,94,58.9,Medium
7.0,1.5,3.8,2.7,169,243,11,12,25,81.8,Medium
2.4,4.2,3.8,0.3,190,291,4,57,17,98.8,Medium
14.3,5.7,3.3,0.8,165,34,2,47,13,39.5,Medium
9.3,0.9,3.8,3.2,112,288,10,23,15,5.7,Medium
3.8,4.5,4.2,0.6,191,235,3,49,79,80.3,Medium
10.2,2.1,3.1,1.4,99,66,4,22,74,60.8,Medium
9.5,7.7,0.4,3.5,126,189,0,23,5,20.7,Medium
5.7,3.9,2.4,0.6,15,241,17,53,74,50.0,Medium
2.1,6.4,0.4,0.3,72,296,11,61,81,74.5,Medium
10.2,4.4,2.0,1.9,127,73,12,50,90,77.3,Medium
8.0,0.3,2.0,1.2,117,241,8,18,60,50.5,Medium
11.7,5.1,0.3,2.3,102,298,1,22,35,31.2,Medium
8.0,7.6,1.7,3.2,97,222,4,47,90,97.4,Medium
12.9,4.8,0.6,0.5,26,267,12,63,41,66.7,Medium
8.5,6.6,4.0,2.3,198,27,15,42,51,41.4,High
8.6,7.1,4.7,2.0,176,184,15,44,95,28.8,High
13.2,1.8,0.4,0.6,131,238,2,24,82,73.4,Medium
6.4,1.7,4.8,2.5,138,235,3,29,51,25.0,Medium
2.4,4.9,2.6,1.1,174,93,10,52,73,18.0,Medium
0.9,3.3,1.5,2.0,29,255,13,35,62,53.5,Low
11.4,6.7,0.4,0.3,189,119,2,20,40,29.7,High
9.5,7.2,2.5,1.8,89,263,15,42,36,63.3,High
10.7,2.8,4.0,1.2,59,97,14,52,68,12.7,Medium
3.6,1.9,3.5,3.3,148,81,9,21,75,65.8,Medium
2.5,6.2,0.3,0.2,99,39,8,13,46,29.0,Medium
0.7,2.2,0.4,1.7,146,181,10,49,52,1.0,Low
5.6,6.6,2.0,1.8,171,186,15,26,78,13.6,High
9.1,3.4,1.5,2.9,160,148,9,14,85,93.4,Medium
6.2,5.3,1.2,2.3,183,203,16,54,34,86.9,Medium
6.8,0.8,1.4,2.7,123,195,18,42,25,24.1,Medium
13.6,5.0,4.0,3.1,181,227,1,17,64,78.1,High
5.5,3.6,4.6,3.4,13,173,1,14,17,61.2,Low
8.0,4.7,2.0,1.3,190,170,5,22,5,97.1,Medium
11.9,1.3,4.5,2.2,177,22,18,26,69,38.0,High
6.2,5.9,1.6,3.4,154,98,7,56,37,68.5,Medium
9.5,6.9,2.4,4.0,164,51,2,63,42,7.3,Medium
13.0,1.7,1.1,3.6,46,219,13,39,29,40.2,Medium
14.3,0.8,3.2,1.5,57,238,15,21,30,96.4,High
2.6,0.2,4.9,0.8,191,284,0,49,81,54.4,Low
13.9,5.1,3.0,2.0,78,288,2,58,63,29.5,Medium
7.6,4.9,1.8,3.0,43,260,17,61,96,12.9,Medium
4.2,4.4,3.2,2.0,126,217,8,61,37,70.6,Medium
7.2,1.9,0.6,1.9,19,149,5,18,45,64.8,Low
14.7,3.1,4.4,3.4,161,289,0,26,34,38.0,High
7.6,4.8,2.5,1.4,127,43,9,29,61,95.1,Medium
5.3,4.0,2.2,3.4,115,27,5,29,53,3.2,Low
9.7,7.9,2.9,1.6,135,66,11,63,52,31.1,Medium
4.0,1.1,3.1,1.3,87,121,3,52,76,92.2,Low
1.6,5.6,0.4,1.8,14,14,12,35,53,32.8,Low
2.4,3.2,3.4,3.0,96,191,16,13,51,26.0,Medium
2.4,3.4,1.2,0.5,33,22,7,51,60,53.9,Low
2.7,5.7,3.6,0.8,39,294,19,31,69,82.6,Medium
2.5,5.5,4.1,3.8,10,268,2,45,16,11.2,Low
9.8,7.9,4.0,0.7,144,99,11,54,73,94.4,High
3.1,1.0,2.8,2.3,115,113,6,37,92,79.7,Low
5.5,0.8,2.6,2.3,42,195,11,18,10,18.9,Medium
13.5,5.8,0.7,2.0,81,259,1,49,93,71.5,Medium
7.4,4.6,3.9,2.6,97,264,13,41,69,39.1,Medium
10.2,2.2,1.4,0.9,151,85,4,53,29,40.8,Medium
3.0,0.6,2.5,2.2,71,117,8,16,5,78.5,Low
3.3,0.7,1.4,1.5,140,165,10,22,36,96.3,Medium
1.1,7.2,0.7,2.6,12,91,4,12,7,13.5,Low
2.9,1.5,3.1,0.6,126,86,2,45,53,42.6,Low
4.5,2.6,0.3,2.3,88,267,16,12,23,48.6,Medium
3.1,1.8,3.7,0.7,179,136,1,30,64,38.3,Medium
1.8,2.8,1.6,1.1,136,291,0,13,33,37.0,Medium
2.2,0.6,0.0,0.9,183,97,6,32,54,6.2,Low
7.2,4.2,2.6,0.7,89,213,13,31,6,68.9,Medium
3.5,0.5,0.2,3.3,199,25,4,34,77,44.2,Low
5.8,6.4,1.4,1.1,49,160,18,32,60,20.3,Medium
7.8,1.9,3.5,3.7,140,263,10,35,21,81.8,Medium
10.5,4.3,0.3,3.9,91,197,1,15,64,80.5,Medium
1.1,7.0,4.2,2.3,20,41,7,23,40,49.2,Low
12.1,5.2,0.0,0.6,81,280,8,33,65,30.5,High
9.6,4.3,1.2,1.5,199,14,2,31,21,64.2,Medium
1.7,2.6,3.7,3.2,13,178,1,29,53,29.5,Low
13.2,2.7,1.6,1.5,64,190,6,12,80,24.4,Medium
13.9,5.4,0.5,0.3,82,187,4,41,64,73.3,Medium
1.4,8.0,1.8,2.2,81,152,4,44,24,5.0,Low
4.5,5.3,1.4,3.4,75,257,19,35,54,10.4,Medium
12.2,4.5,4.2,3.2,19,136,12,25,7,1.7,Medium
11.3,5.8,1.6,0.7,75,272,19,47,47,16.1,High
3.2,3.7,3.9,2.7,106,49,5,16,61,7.8,Low
3.5,0.5,4.5,0.9,173,264,19,22,54,99.6,Medium
5.9,4.5,2.2,0.9,26,152,17,35,72,29.6,Medium
7.5,7.7,4.5,3.5,156,249,1,42,85,15.8,Medium
9.5,1.4,1.9,1.0,117,237,5,24,54,24.9,Medium
5.8,5.5,4.8,1.1,176,207,8,27,41,93.7,Medium
7.2,1.6,0.4,0.0,5,74,2,35,50,52.5,Low
11.3,4.3,3.4,3.5,14,20,0,24,46,37.1,Low
1.0,0.8,2.5,3.2,114,117,0,35,19,87.5,Low
4.2,3.6,1.9,2.5,188,35,18,37,37,40.1,Medium
10.8,6.0,3.2,3.0,117,160,4,13,84,34.2,Medium
13.5,2.8,3.5,0.6,54,230,12,27,15,21.5,High
7.9,5.3,0.0,1.8,16,246,18,49,24,38.4,Medium
8.2,6.4,0.8,1.4,93,246,11,57,28,32.4,Medium
2.1,7.4,3.6,0.4,192,228,15,12,68,68.1,High
7.0,1.9,3.3,1.9,158,160,18,60,84,29.7,Medium
8.2,3.2,4.8,3.7,116,132,2,22,98,58.1,Medium
4.0,1.2,3.8,0.2,82,153,11,62,69,7.5,Low
4.4,7.9,4.8,1.2,173,198,4,46,92,19.9,Medium
6.0,7.4,3.5,0.8,168,264,1,54,92,41.3,Medium
0.8,4.3,1.5,1.0,125,77,6,40,77,93.8,Low
5.2,6.7,0.5,3.6,27,113,12,48,90,38.3,Low
3.6,4.2,3.9,1.9,175,168,14,28,80,66.7,Medium
5.2,5.0,3.2,1.9,138,99,2,50,21,26.3,Low
2.2,0.7,0.2,3.0,175,265,19,53,93,13.6,Medium
13.4,6.0,1.8,0.6,29,229,4,39,96,6.8,Medium
9.1,1.0,4.8,1.9,22,18,7,40,65,31.2,Low
10.3,6.6,2.5,1.7,194,21,0,54,19,16.6,Medium
11.9,6.3,2.2,2.4,145,253,7,14,98,18.2,High
7.7,5.7,2.3,4.0,47,191,17,63,55,76.3,Medium
1.8,0.3,1.0,3.1,82,293,19,21,31,2.6,Medium
8.3,2.4,1.8,1.6,32,108,15,53,90,56.2,Medium
9.0,2.1,1.8,3.3,150,206,17,25,78,38.6,Medium
11.3,2.9,0.3,0.7,63,235,19,23,65,51.1,High
6.8,0.7,3.8,0.1,192,112,11,58,62,56.7,Medium
2.3,7.5,2.1,0.8,67,115,12,53,35,32.0,Medium
4.6,4.4,4.1,1.4,189,67,12,41,95,30.2,Medium
5.8,2.4,4.3,2.0,96,87,9,43,16,73.6,Medium
9.9,3.2,1.1,2.5,183,84,6,43,50,87.3,Medium
8.8,3.6,3.3,3.6,60,51,13,53,35,20.1,Medium
5.7,4.8,2.4,2.0,159,190,15,43,36,10.7,Medium
14.8,4.1,4.4,2.0,164,42,14,37,36,89.9,High
9.3,7.4,1.1,0.2,115,80,11,62,57,35.6,Medium
3.9,4.0,3.4,0.1,141,65,8,12,65,55.6,Medium
2.0,7.9,3.0,2.2,72,114,7,53,50,36.6,Low
2.7,6.8,1.5,1.8,50,209,17,13,89,13.5,Medium
4.1,1.7,0.7,3.4,71,110,17,28,78,59.3,Medium
2.8,7.4,3.3,0.6,158,265,12,41,84,53.0,Medium
3.2,0.9,3.7,0.1,140,83,17,50,11,21.1,Medium
4.6,6.5,1.6,1.8,10,180,14,18,8,45.7,Medium
3.0,3.0,3.2,0.9,28,152,3,63,95,79.9,Low
13.5,7.0,2.0,0.2,180,175,16,38,56,59.5,High
1.7,6.9,3.6,2.9,98,270,4,20,93,10.6,Medium
8.1,6.4,1.0,0.4,177,230,15,33,35,55.3,High
6.5,6.3,4.5,2.4,17,92,8,45,79,70.6,Medium
14.7,2.4,1.4,1.1,29,191,9,57,88,79.5,Medium
2.1,0.6,1.8,0.7,152,19,17,60,40,63.3,Low
6.3,3.2,0.3,1.5,122,13,16,12,58,16.1,Medium
14.6,1.4,0.6,3.2,86,290,17,20,58,71.3,High
13.0,5.6,2.6,1.6,115,224,6,31,21,68.1,High
12.3,2.8,1.3,3.0,86,107,3,64,79,3.4,Medium
4.2,7.8,4.2,0.5,70,110,4,30,34,41.8,Medium
3.0,5.1,0.1,3.1,49,18,15,47,26,34.0,Low
10.2,6.6,1.9,0.9,118,70,2,51,47,67.3,Medium
14.0,1.1,1.7,2.7,179,155,17,56,31,22.4,High
8.6,6.9,0.1,2.3,67,72,13,15,41,59.5,Medium
8.8,7.4,0.6,3.7,80,130,14,20,50,91.4,Medium
4.6,3.9,2.1,1.5,118,235,16,52,39,80.0,Medium
11.7,4.9,2.5,0.3,115,114,0,33,8,92.2,Medium
3.2,6.1,2.0,0.1,187,269,16,29,84,97.9,High
5.2,1.4,2.7,3.3,151,264,10,23,84,2.1,Medium
6.7,4.0,3.0,2.1,39,216,16,53,89,62.7,Medium
7.9,3.2,0.0,3.1,57,37,13,54,30,41.9,Low
4.0,1.2,2.3,0.9,30,179,19,50,23,86.1,Medium
2.2,2.9,4.8,1.4,18,85,18,20,85,25.9,Medium
9.4,0.5,2.6,0.1,122,125,6,17,49,98.1,Medium
4.7,0.2,3.4,3.8,49,78,12,30,30,61.8,Low
8.9,1.1,1.6,2.7,176,243,17,59,26,79.6,Medium
2.7,7.7,3.9,3.7,197,10,13,58,62,9.5,Medium
7.5,4.4,3.9,1.1,55,176,0,18,67,19.2,Medium
8.2,7.7,2.6,2.4,175,227,6,27,32,76.1,High
1.3,3.5,4.9,2.7,123,282,7,16,69,3.2,Medium
5.4,2.5,0.6,1.3,155,260,17,27,48,81.9,Medium
2.4,4.0,0.1,3.4,188,183,8,12,47,2.4,Medium
1.4,3.5,3.9,3.8,23,179,0,62,41,66.1,Low
14.9,0.8,4.0,3.5,86,255,16,48,70,37.1,High
5.2,5.1,0.6,3.0,80,99,18,50,21,61.5,Medium
12.2,1.7,1.3,1.1,187,58,5,30,44,69.9,Medium
4.2,5.0,0.1,1.1,96,159,2,48,42,34.9,Low
10.4,5.2,1.5,3.9,192,141,4,28,89,11.7,Medium
11.5,1.2,3.9,0.0,191,68,1,37,65,7.9,Medium
9.1,0.5,2.6,2.9,37,208,19,33,13,59.3,Medium
7.3,6.2,1.7,2.8,151,224,3,19,81,52.5,Medium
6.5,3.7,1.9,2.5,32,58,9,44,79,74.5,Low
5.6,0.5,0.0,4.0,127,241,9,13,65,51.5,Medium
14.0,8.0,1.5,1.2,184,256,10,41,84,42.8,High
12.5,0.5,3.2,1.4,130,248,15,58,20,40.4,Medium
14.5,5.6,4.9,0.3,181,177,16,31,6,3.6,High
2.3,7.9,4.2,1.8,41,57,15,29,76,34.2,Medium
11.1,1.9,0.1,1.0,158,60,6,54,47,97.6,Medium
14.1,1.1,4.5,1.4,103,107,15,21,46,87.5,High
3.1,1.0,3.9,3.3,102,225,2,35,81,33.6,Low
1.5,2.4,3.9,3.7,131,186,15,15,61,59.2,Medium
11.2,0.8,2.3,0.7,172,89,7,48,85,84.9,Medium
8.8,5.5,2.0,1.5,84,194,11,15,92,44.7,Medium
12.7,0.5,1.5,3.7,42,36,2,24,71,2.8,Low
2.5,4.1,0.3,0.2,81,204,16,36,34,8.4,Medium
12.0,8.0,1.1,0.4,130,223,17,24,17,51.5,High
3.4,6.5,1.2,0.7,91,123,10,29,23,97.0,Medium
2.9,4.9,2.4,2.4,58,251,3,35,11,69.6,Low
2.9,2.5,3.7,0.6,154,133,15,13,13,8.0,Medium
12.3,5.0,2.4,3.9,20,85,16,59,87,19.7,Medium
10.1,4.2,0.3,1.8,32,205,8,44,58,77.4,Medium
8.1,3.4,4.8,2.0,167,53,5,30,90,84.3,Medium
5.7,1.0,4.7,1.0,192,195,19,20,86,62.2,High
13.2,7.1,3.9,1.9,177,255,1,39,65,64.8,High
6.2,3.6,5.0,2.6,50,93,8,46,91,3.8,Medium
12.3,1.6,2.7,3.0,76,216,5,50,6,83.0,Medium
6.9,2.9,4.8,3.0,187,160,2,21,54,79.0,Medium
6.0,3.3,0.4,2.3,89,165,19,12,79,26.6,Medium
7.2,6.6,1.8,3.6,30,25,5,53,35,71.2,Low
4.9,5.9,1.1,3.3,89,174,6,32,37,22.3,Medium
11.3,6.2,1.0,3.0,157,154,0,20,82,5.0,Medium
7.8,0.1,0.7,0.2,69,46,0,58,84,20.9,Low
3.9,3.3,3.1,0.0,138,54,4,26,15,18.7,Medium
13.5,3.9,3.9,0.8,155,215,5,46,37,34.4,High
6.1,0.2,2.9,2.7,119,71,12,16,11,42.4,Medium
8.4,2.1,0.7,1.6,68,28,1,52,35,51.3,Low
13.6,6.1,4.1,1.6,91,16,14,33,52,48.2,High
9.6,1.1,3.2,3.5,175,258,14,52,51,27.8,Medium
2.2,4.3,1.9,3.6,111,126,12,34,82,3.9,Low
14.1,1.7,3.4,3.6,155,77,13,18,96,60.9,High
9.6,0.1,1.3,1.3,100,43,6,34,57,40.2,Medium
5.4,1.9,1.7,2.8,162,203,13,55,84,30.6,Medium
2.5,7.8,4.6,1.1,81,64,9,36,23,86.8,Medium
12.0,6.4,1.5,0.8,150,275,16,38,85,74.9,High
9.5,7.7,2.3,0.7,91,51,13,52,94,85.9,Medium
8.2,3.9,4.5,1.4,153,240,7,17,10,50.0,High
13.5,0.9,3.5,1.7,61,19,3,45,53,14.0,Medium
11.9,4.4,0.3,3.3,107,137,15,20,77,69.9,Medium
2.7,3.6,0.7,0.5,155,188,12,60,54,21.4,Medium
5.0,6.8,0.0,2.9,95,202,19,44,85,44.7,Medium
4.1,0.8,3.2,2.1,49,101,17,62,99,7.4,Low
11.3,3.9,2.2,1.2,176,240,13,17,16,82.7,High
1.0,1.2,0.7,2.0,92,87,17,48,27,13.5,Low
8.8,2.6,4.8,1.2,119,94,4,42,58,90.4,Medium
11.6,5.9,2.6,2.4,51,39,8,45,73,86.6,Medium
13.2,3.8,1.2,1.7,172,222,2,52,63,47.0,Medium
5.5,3.0,2.5,0.7,183,58,7,40,40,74.7,Medium
12.4,3.2,3.4,0.5,174,274,19,25,7,62.3,High
2.1,3.7,0.4,2.2,139,154,9,47,62,80.5,Low
12.8,6.3,1.4,3.6,54,78,18,47,92,43.7,Medium
2.3,7.1,4.0,1.4,180,67,2,64,59,78.8,Low
6.3,7.6,2.3,2.9,88,194,10,26,61,46.8,Medium
12.1,6.3,2.7,2.6,95,71,10,19,21,94.2,High
2.7,2.5,2.2,3.7,138,175,16,37,43,49.2,Medium
3.8,5.5,0.2,3.3,95,180,15,47,94,46.8,Medium
11.0,3.5,0.8,2.3,141,72,6,59,72,78.7,Medium
10.9,2.0,2.2,2.6,113,156,3,32,59,82.3,Medium
9.8,6.7,1.0,3.6,61,170,18,39,49,55.9,Medium
10.6,0.3,0.2,1.6,35,150,11,15,80,18.8,Medium
8.4,7.2,4.2,1.3,25,106,14,27,5,47.3,Medium
4.2,3.7,4.9,0.0,94,230,10,33,25,96.8,Medium
5.5,5.1,4.0,3.3,44,52,4,23,87,75.5,Low
3.1,5.3,4.3,3.2,116,117,4,27,25,81.3,Medium
13.7,7.2,1.2,0.4,49,275,14,62,56,4.2,High
9.0,5.1,4.8,2.3,81,104,17,51,86,47.3,Medium
6.3,4.9,1.0,1.9,181,271,10,49,47,65.0,Medium
7.2,0.5,4.8,0.5,91,80,11,53,56,83.2,Medium
14.2,4.1,5.0,3.9,152,228,1,48,71,5.9,Medium
2.7,1.2,3.6,0.9,105,30,19,40,48,85.4,Medium
9.0,5.9,4.9,0.3,121,101,14,29,36,55.3,High
7.8,4.1,2.8,2.4,96,136,19,21,14,20.5,Medium
9.4,5.4,1.3,3.0,149,89,3,53,68,32.4,Medium
0.8,0.3,2.2,0.1,32,247,17,50,83,28.9,Low
13.1,0.7,3.0,2.6,173,191,5,29,73,53.6,Medium
14.0,5.7,0.4,2.1,198,34,18,12,72,6.1,High
8.7,0.6,3.1,0.4,29,165,10,50,32,16.7,Medium
10.6,0.6,4.9,0.7,62,14,1,32,57,81.5,Medium
13.9,0.1,1.0,2.3,45,129,7,12,55,14.1,Medium
10.8,7.7,4.0,1.2,138,286,10,26,57,24.1,High
2.7,5.9,4.5,3.8,79,27,4,15,8,45.9,Low
8.9,2.8,4.7,3.3,42,207,17,31,83,52.2,Medium
9.3,2.4,4.8,3.9,138,66,17,21,21,76.6,Medium
6.6,2.8,2.6,1.0,177,102,13,34,71,45.3,Medium
11.2,6.2,4.9,3.9,79,28,9,52,78,79.2,Medium
14.0,5.3,3.8,1.7,146,202,2,45,51,62.2,High
13.9,1.5,0.8,1.4,70,246,8,57,60,12.2,Medium
7.0,1.4,2.4,0.2,172,286,2,59,27,16.5,Medium
2.1,0.8,3.6,0.2,7,236,10,44,22,44.3,Low
14.8,5.3,1.2,2.8,121,242,11,45,5,40.3,High
12.7,6.1,3.2,1.8,103,49,11,50,39,74.6,Medium
2.3,2.1,3.3,0.9,156,162,2,21,68,58.5,Medium
13.9,0.2,0.8,2.5,23,136,6,31,62,39.4,Medium
13.1,0.7,2.8,1.0,150,246,13,12,99,17.9,High
8.0,7.7,3.9,2.3,196,64,10,24,63,23.5,High
9.1,2.4,2.5,1.4,120,181,6,12,5,58.0,Medium
6.3,6.2,0.1,3.3,129,118,9,16,7,42.9,Medium
1.3,5.0,0.0,3.3,92,193,10,27,71,52.0,Low
5.4,3.1,1.8,1.9,39,207,14,26,41,17.9,Medium
12.1,1.6,4.6,1.4,194,96,18,60,87,66.6,High
0.6,1.0,1.1,1.5,5,210,15,39,33,85.4,Low
5.3,4.9,3.2,3.2,157,284,19,42,93,26.5,Medium
6.3,6.2,1.1,1.3,177,220,11,34,37,49.7,Medium
8.3,5.2,1.6,0.8,181,127,17,59,65,97.6,Medium
13.8,4.2,4.2,0.3,130,200,12,56,97,34.0,High
5.5,0.3,3.6,1.9,93,51,4,54,94,59.9,Low
5.5,7.7,0.5,1.9,148,51,3,28,8,9.9,Medium
11.2,6.4,2.1,3.4,151,285,13,60,18,61.0,High
7.1,2.3,0.1,0.9,155,26,7,45,95,9.9,Medium
3.8,7.8,2.4,1.5,29,292,8,24,37,96.0,Medium
7.1,4.8,3.3,3.2,20,267,18,25,26,71.9,Medium
2.5,4.7,0.6,3.3,186,72,2,22,52,79.0,Low
3.1,6.0,1.4,1.5,77,71,4,39,7,70.7,Low
7.7,6.5,2.0,1.8,133,109,17,53,91,59.4,Medium
6.6,5.3,4.6,1.2,46,28,0,43,89,45.5,Low
13.8,1.0,5.0,3.7,151,26,7,46,27,86.0,Medium
5.8,2.7,0.2,0.5,166,255,18,42,72,95.7,Medium
8.9,7.4,3.8,3.7,84,260,16,28,25,50.4,High
9.7,1.8,1.9,2.7,108,90,16,58,47,93.2,Medium
0.7,3.0,2.0,2.1,187,48,10,20,99,58.7,Medium
10.1,3.5,3.8,0.1,150,45,1,21,89,54.3,Medium
3.1,3.5,4.6,1.9,38,206,5,19,30,46.0,Medium
14.4,4.9,4.8,1.6,93,167,13,32,45,21.7,High
2.7,7.5,2.9,0.6,129,213,2,24,42,1.4,Medium
6.5,1.9,1.8,2.6,49,205,11,61,92,24.9,Low
1.7,1.0,3.9,3.9,138,225,3,16,15,51.5,Low
15.0,1.6,1.3,2.2,25,294,11,17,33,38.6,High
7.8,7.1,2.8,2.9,126,205,12,41,64,45.4,Medium
9.1,5.2,1.8,0.3,74,161,1,42,71,98.1,Medium
1.5,2.3,3.3,1.7,100,23,1,28,69,35.7,Low
11.4,6.5,1.2,0.5,109,155,14,22,65,45.8,High
3.5,6.9,1.0,2.5,52,66,16,31,23,14.2,Medium
13.5,6.8,4.6,3.8,43,220,6,59,50,5.7,Medium
3.5,7.4,0.5,2.6,35,277,13,20,53,77.8,Medium
3.3,2.0,2.5,0.3,14,219,11,13,26,57.5,Medium
1.0,6.0,1.1,1.4,34,26,16,48,82,76.3,Low
7.3,3.7,0.2,2.2,22,295,13,12,61,15.8,Medium
8.7,6.7,0.2,1.6,192,212,5,15,18,57.6,Medium
1.5,5.8,0.9,3.3,92,108,18,47,48,26.1,Medium
11.7,6.2,4.3,3.3,129,288,5,36,20,23.6,High
7.1,5.2,1.4,2.4,77,218,17,14,81,2.1,Medium
8.1,1.4,4.8,1.5,19,138,4,20,16,13.9,Medium
6.9,4.4,2.9,1.0,8,297,5,33,59,31.6,Medium
6.3,7.9,2.2,0.4,195,261,1,34,55,12.6,Medium
8.6,7.5,2.9,1.4,172,274,7,23,43,98.6,High
2.8,0.3,2.6,1.7,13,280,14,21,37,31.6,Medium
3.1,1.3,3.8,2.7,113,197,14,45,37,13.9,Medium
13.0,1.1,1.4,2.6,141,223,10,54,33,20.7,Medium
14.2,5.8,1.8,0.3,158,292,0,21,73,59.2,High
5.9,6.5,4.5,1.6,136,220,17,41,74,7.3,High
4.4,1.7,4.7,0.7,20,85,11,33,35,86.4,Medium
9.8,4.0,4.5,0.6,147,157,11,17,84,96.2,High
6.4,6.7,2.1,3.3,103,222,10,61,35,25.4,Medium
0.9,5.9,3.9,0.2,125,118,7,13,93,45.6,Medium
2.8,4.3,2.4,1.7,56,138,6,41,50,3.2,Low
10.9,4.7,2.5,0.7,73,19,1,13,81,64.4,Medium
10.1,4.1,1.0,3.5,9,56,10,43,56,42.0,Medium
0.9,2.4,3.0,2.2,24,105,9,53,14,27.7,Low
3.7,4.5,0.9,0.9,83,112,2,27,92,21.5,Low
3.9,5.5,1.7,2.0,150,155,19,23,78,65.7,Medium
10.2,7.0,4.3,2.9,115,36,9,12,45,42.2,Medium
0.8,5.1,1.0,3.8,6,229,17,64,99,18.8,Low
2.0,6.1,0.4,0.9,97,27,13,19,81,69.2,Medium
12.1,1.3,0.3,3.5,17,176,17,59,7,56.9,Medium
3.1,3.7,4.7,3.7,8,91,7,61,63,86.0,Low
10.0,0.1,2.5,3.7,174,81,9,24,56,12.6,Medium
4.0,2.0,2.0,2.5,113,263,12,26,38,78.8,Medium
1.9,5.8,4.1,2.5,78,171,7,64,53,67.7,Low
4.0,7.9,4.2,1.6,193,47,3,55,32,12.4,Medium
11.0,0.8,1.7,3.0,99,210,3,19,87,69.8,Medium
12.9,3.2,3.5,2.1,109,209,4,21,91,44.7,Medium
12.5,6.4,3.9,2.7,12,264,0,57,17,94.6,Medium
6.3,1.6,3.3,1.7,71,188,16,16,73,15.0,Medium
10.2,4.4,0.8,2.9,195,44,1,61,71,64.6,Medium
3.5,5.9,4.4,3.3,114,91,7,30,65,38.8,Medium
4.8,4.9,2.7,0.6,13,229,6,58,64,95.7,Low
13.5,1.5,1.4,3.3,121,167,14,49,75,33.7,Medium
0.7,2.8,2.1,2.2,15,13,4,22,28,96.3,Low
1.7,6.3,0.2,3.4,103,176,1,64,67,90.2,Low
3.5,4.4,0.6,1.7,46,213,6,54,90,27.8,Low
0.9,0.0,3.8,1.5,145,203,7,31,65,80.6,Low
3.1,6.1,0.0,3.7,168,244,6,31,27,99.6,Medium
9.0,0.3,2.1,1.0,124,215,6,32,34,26.0,Medium
6.6,6.0,2.6,3.4,145,159,13,29,64,44.2,Medium
13.4,1.6,0.3,1.9,16,168,17,61,22,52.5,Medium
12.4,7.7,4.9,2.1,41,288,5,21,60,30.2,High
5.5,2.9,1.1,1.2,78,175,3,45,57,2.5,Low
4.3,2.6,1.5,2.3,77,77,9,37,11,22.8,Low
6.0,1.2,1.5,1.3,56,97,17,41,73,28.9,Medium
9.1,2.4,1.2,0.2,134,226,11,20,96,44.9,Medium
4.4,7.0,0.0,1.1,60,10,15,57,76,17.9,Medium
9.6,8.0,3.6,0.0,64,144,6,62,83,87.5,Medium
6.4,2.9,4.8,3.9,27,194,5,42,56,70.8,Low
8.5,3.6,1.1,3.9,107,149,4,53,8,9.4,Low
6.8,5.8,3.3,1.6,44,115,2,15,38,65.4,Medium
4.8,7.1,3.7,2.9,68,142,11,17,73,65.7,Medium
14.3,4.7,4.2,1.4,89,117,14,25,37,95.7,High
11.6,3.1,2.1,2.7,155,187,9,15,73,1.3,High
2.5,3.3,1.5,3.2,161,155,19,37,42,25.5,Medium
13.1,5.6,1.6,3.8,183,83,18,58,30,92.9,High
7.6,0.0,3.6,1.6,93,117,15,59,5,93.3,Medium
13.5,5.0,4.1,3.1,35,131,10,50,8,72.3,Medium
12.1,2.8,0.9,1.1,182,26,7,28,43,76.8,Medium
6.7,6.4,1.9,4.0,24,205,2,30,58,10.1,Low
0.8,0.7,4.5,0.1,187,261,6,62,94,51.9,Low
4.4,4.7,4.0,2.4,134,128,6,60,37,23.9,Medium
8.4,3.8,4.9,2.6,157,171,13,17,37,18.9,High
9.7,5.1,3.8,2.8,17,207,1,40,76,81.2,Medium
4.2,0.5,2.0,0.5,126,54,9,22,24,14.4,Medium
2.5,4.6,3.0,3.8,107,188,18,27,20,47.4,Medium
12.6,4.5,3.3,0.7,110,53,8,41,25,93.9,Medium
14.8,4.5,0.4,2.5,123,280,15,36,49,19.4,High
8.1,4.8,2.7,0.9,74,87,18,51,94,97.8,Medium
3.0,5.4,3.5,1.2,199,187,17,22,91,99.4,High
4.4,6.4,0.8,2.2,190,12,8,18,86,56.0,Medium
0.8,2.2,3.9,1.7,103,223,15,37,66,17.8,Medium
13.8,6.6,2.9,0.6,86,83,12,33,35,32.3,High
2.2,4.0,4.8,0.7,79,60,9,36,46,43.0,Medium
8.9,0.6,0.2,1.7,122,76,19,30,16,31.6,Medium
4.5,0.5,1.3,3.0,88,102,13,42,69,28.8,Low
8.5,2.7,3.0,3.6,196,185,11,37,77,97.3,Medium
9.9,6.3,1.5,0.3,73,154,18,53,7,16.2,High
12.5,5.7,3.6,1.6,63,16,6,52,94,73.6,Medium
3.5,6.3,3.8,0.4,192,278,14,47,13,1.0,High
0.7,4.1,0.5,0.1,130,13,15,34,55,60.0,Medium
2.5,3.5,2.6,2.6,115,147,7,58,20,91.7,Low
13.6,1.2,2.5,2.4,66,240,9,24,92,29.5,Medium
13.2,2.6,1.8,0.7,148,97,3,36,82,19.4,Medium
9.2,3.5,4.7,0.9,132,26,18,13,7,65.5,High
9.2,0.7,4.1,0.1,109,61,18,13,28,71.5,High
10.1,1.8,3.5,3.3,72,143,14,27,77,69.1,Medium
3.0,4.8,3.6,3.9,19,220,13,20,17,32.6,Medium
13.8,5.9,2.3,0.5,187,228,0,39,6,26.0,High
6.6,8.0,4.6,0.9,39,214,15,24,75,95.6,High
6.1,7.5,3.5,3.5,187,220,9,46,25,92.4,Medium
8.0,5.1,3.6,3.7,18,286,18,52,23,46.3,Medium
1.2,3.4,4.3,1.7,181,33,2,24,93,84.8,Low
2.9,5.1,1.4,0.2,106,13,4,42,51,45.8,Low
11.2,6.3,4.0,0.2,104,161,8,32,26,43.0,High
1.7,0.9,1.0,2.3,11,268,17,43,79,16.5,Low
9.2,3.3,1.7,1.6,34,177,10,45,37,43.2,Medium
4.1,6.7,1.7,0.1,53,185,15,19,36,54.2,Medium
6.1,3.1,4.9,2.3,148,65,1,52,68,3.2,Low
4.7,4.6,4.3,0.0,115,117,11,59,89,45.0,Medium
5.7,4.7,3.5,3.1,183,150,5,13,43,78.4,Medium
10.9,1.5,3.6,1.2,76,164,10,49,88,68.3,Medium
4.8,2.9,2.8,0.2,84,271,7,43,76,63.9,Medium
8.7,2.7,4.7,2.4,87,282,11,51,46,91.0,Medium
7.4,0.2,2.5,1.6,46,241,1,39,13,2.8,Low
10.1,0.2,1.9,3.9,21,250,8,48,29,56.1,Low
14.1,6.7,0.8,2.2,195,267,14,52,93,78.9,High
11.1,2.2,3.9,1.1,177,258,1,12,6,54.6,High
3.6,4.1,3.7,2.8,11,86,0,52,23,33.1,Low
1.0,2.4,1.9,1.1,159,189,9,21,24,14.5,Medium
4.3,7.5,0.1,3.6,14,75,1,15,97,88.9,Low
9.1,2.1,4.2,1.5,38,180,11,46,74,47.6,Medium
1.2,3.4,0.1,2.2,40,31,7,21,21,87.9,Low
7.7,7.0,3.5,0.2,157,116,4,58,93,59.0,Medium
9.2,6.7,4.9,1.7,10,236,0,22,72,67.7,Medium
5.3,1.5,2.2,3.3,156,225,14,25,98,80.6,Medium
11.7,6.4,1.2,3.2,150,78,5,49,88,66.3,Medium
2.0,3.7,3.5,0.9,138,93,11,23,7,40.4,Medium
1.6,3.9,4.1,0.9,33,112,7,56,91,51.8,Low
11.1,1.1,2.7,3.3,130,48,12,28,55,80.5,Medium
7.7,0.6,4.8,3.7,157,22,18,27,86,38.0,Medium
10.5,5.8,0.3,0.4,187,190,0,46,30,39.4,Medium
6.8,4.0,2.5,1.8,85,277,10,13,60,10.5,Medium
4.1,3.5,3.6,1.3,178,22,19,22,68,91.5,Medium
12.4,5.8,4.3,3.5,156,129,0,52,12,10.0,Medium
12.1,6.1,0.9,0.3,79,66,7,14,85,65.2,Medium
10.6,1.3,4.0,0.8,30,49,4,40,99,41.9,Medium
4.4,4.9,2.8,3.0,131,137,16,29,41,41.2,Medium
9.1,1.1,2.0,0.2,119,182,7,31,31,68.3,Medium
5.7,6.0,0.7,2.0,130,44,9,58,49,7.6,Medium
1.8,5.3,4.3,1.8,32,268,1,25,8,59.8,Low
13.8,7.7,0.8,1.3,135,14,8,45,90,77.4,Medium
2.5,0.6,1.5,1.6,79,227,2,60,94,83.0,Low
14.3,0.5,1.5,2.1,170,20,17,42,92,17.9,High
7.0,2.3,4.4,0.6,193,126,6,51,41,89.8,Medium
